{
  "name": "angularjs-scroll-glue",
  "version": "0.0.1",
  "homepage": "https://github.com/Luegg/angularjs-scroll-glue",
  "authors": [
    "Lukas Wegmann"
  ],
  "description": "An AngularJs directive that automatically scrolls to the bottom of an element on changes in it's scope. — Edit",
  "main": "src/scrollglue.js",
  "keywords": [
    "scroll",
    "glue"
  ],
  "license": "MIT",
  "ignore": [
    "**/.*",
    "node_modules",
    "bower_components",
    "test",
    "tests"
  ],
  "_release": "0.0.1",
  "_resolution": {
    "type": "version",
    "tag": "v0.0.1",
    "commit": "41a08918eba3051877cd7a6cbfcdcc130893743d"
  },
  "_source": "git://github.com/wishbear/angularjs-scroll-glue.git",
  "_target": "0.0.1",
  "_originalSource": "angularjs-scroll-glue"
}